﻿<?xml version="1.0" encoding="utf-8"?>
<abapGit version="v1.0.0" serializer="LCL_OBJECT_FUGR" serializer_version="v1.0.0">
 <asx:abap xmlns:asx="http://www.sap.com/abapxml" version="1.0">
  <asx:values>
   <AREAT>创建会计凭证-特别总账标识</AREAT>
   <INCLUDES>
    <SOBJ_NAME>LZFIFG014TOP</SOBJ_NAME>
    <SOBJ_NAME>SAPLZFIFG014</SOBJ_NAME>
   </INCLUDES>
   <FUNCTIONS>
    <item>
     <FUNCNAME>ZFIFU039</FUNCNAME>
     <SHORT_TEXT>创建会计凭证总账标识</SHORT_TEXT>
     <IMPORT>
      <RSIMP>
       <PARAMETER>I_HEAD</PARAMETER>
       <OPTIONAL>X</OPTIONAL>
       <TYP>ZFIS018</TYP>
      </RSIMP>
     </IMPORT>
     <EXPORT>
      <RSEXP>
       <PARAMETER>E_MESSAGE</PARAMETER>
       <TYP>MSGTXT</TYP>
      </RSEXP>
     </EXPORT>
     <TABLES>
      <RSTBL>
       <PARAMETER>IT_ITEM</PARAMETER>
       <DBSTRUCT>ZFIS019</DBSTRUCT>
      </RSTBL>
      <RSTBL>
       <PARAMETER>ET_RETURN</PARAMETER>
       <DBSTRUCT>BAPIRET2</DBSTRUCT>
      </RSTBL>
      <RSTBL>
       <PARAMETER>ET_BLNTAB</PARAMETER>
       <DBSTRUCT>BLNTAB</DBSTRUCT>
      </RSTBL>
     </TABLES>
     <DOCUMENTATION>
      <RSFDO>
       <PARAMETER>I_HEAD</PARAMETER>
       <KIND>P</KIND>
       <STEXT>创建会计凭证总账标识-抬头</STEXT>
      </RSFDO>
      <RSFDO>
       <PARAMETER>E_MESSAGE</PARAMETER>
       <KIND>P</KIND>
       <STEXT>字符 300</STEXT>
      </RSFDO>
      <RSFDO>
       <PARAMETER>IT_ITEM</PARAMETER>
       <KIND>P</KIND>
       <STEXT>创建会计凭证总账标识-明细</STEXT>
      </RSFDO>
      <RSFDO>
       <PARAMETER>ET_RETURN</PARAMETER>
       <KIND>P</KIND>
       <STEXT>返回参数</STEXT>
      </RSFDO>
      <RSFDO>
       <PARAMETER>ET_BLNTAB</PARAMETER>
       <KIND>P</KIND>
       <STEXT>财务会计核算凭证编号表</STEXT>
      </RSFDO>
     </DOCUMENTATION>
    </item>
   </FUNCTIONS>
  </asx:values>
 </asx:abap>
</abapGit>
